Name of Earth Meteorite,ID of Earth Meteorite,nametype,recclass,Mass of Earth Meteorite,Year at which Earth Meteorite was hit,reclat,reclong,point coordinates
Aachen,1,Valid,L5,21.0,,50.775,6.08333,"[6, 50]"
Aarhus,2,Valid,H6,720.0,,56.18333,10.23333,"[10, 56]"
Abee,6,Valid,EH4,107000.0,,54.21667,-113.0,"[-113, 54]"
Acapulco,10,Valid,Acapulcoite,1914.0,,16.88333,-99.9,"[-99, 16]"
Achiras,370,Valid,L6,780.0,,-33.16667,-64.95,"[-64, -33]"
Adhi Kot,379,Valid,EH4,4239.0,,32.1,71.8,"[71, 32]"
Adzhi-Bogdo (stone),390,Valid,LL3-6,910.0,,44.83333,95.16667,"[95, 44]"
Agen,392,Valid,H5,30000.0,,44.21667,0.61667,"[0, 44]"
Aguada,398,Valid,L6,1620.0,,-31.6,-65.23333,"[-65, -31]"
Aguila Blanca,417,Valid,L,1440.0,,-30.86667,-64.55,"[-64, -30]"
Aioun el Atrouss,423,Valid,Diogenite-pm,1000.0,,16.39806,-9.57028,"[-9, 16]"
Aïr,424,Valid,L6,24000.0,,19.08333,8.38333,"[8, 19]"
Aire-sur-la-Lys,425,Valid,Unknown,,,50.66667,2.33333,"[2, 50]"
Akaba,426,Valid,L6,779.0,,29.51667,35.05,"[35, 29]"
Akbarpur,427,Valid,H4,1800.0,,29.71667,77.95,"[77, 29]"
Akwanga,432,Valid,H,3000.0,,8.91667,8.43333,"[8, 8]"
Akyumak,433,Valid,"Iron, IVA",50000.0,,39.91667,42.81667,"[42, 39]"
Al Rais,446,Valid,CR2-an,160.0,,24.41667,39.51667,"[39, 24]"
Al Zarnkh,447,Valid,LL5,700.0,,13.66033,28.96,"[28, 13]"
Alais,448,Valid,CI1,6000.0,,44.11667,4.08333,"[4, 44]"
Albareto,453,Valid,L/LL4,2000.0,,44.65,11.01667,"[11, 44]"
Alberta,454,Valid,L,625.0,,2.0,22.66667,"[22, 2]"
Alby sur Chéran,458,Valid,Eucrite-mmict,252.0,,45.82133,6.01533,"[6, 45]"
Aldsworth,461,Valid,LL5,700.0,,51.78333,-1.78333,"[-1, 51]"
Aleppo,462,Valid,L6,3200.0,,36.23333,37.13333,"[37, 36]"
Alessandria,463,Valid,H5,908.0,,44.88333,8.75,"[8, 44]"
Alexandrovsky,465,Valid,H4,9251.0,,50.95,31.81667,"[31, 50]"
Alfianello,466,Valid,L6,228000.0,,45.26667,10.15,"[10, 45]"
Allegan,2276,Valid,H5,32000.0,,42.53333,-85.88333,"[-85, 42]"
Allende,2278,Valid,CV3,2000000.0,,26.96667,-105.31667,"[-105, 26]"
Almahata Sitta,48915,Valid,Ureilite-an,3950.0,,20.74575,32.41275,"[32, 20]"
Alta'ameem,2284,Valid,LL5,6000.0,,35.27333,44.21556,"[44, 35]"
Ambapur Nagla,2290,Valid,H5,6400.0,,27.66667,78.25,"[78, 27]"
Andhara,2294,Valid,Stone-uncl,2700.0,,26.58333,85.56667,"[85, 26]"
Andover,2295,Valid,L6,3200.0,,44.61667,-70.75,"[-70, 44]"
Andreevka,2296,Valid,L3,600.0,,48.7,37.5,"[37, 48]"
Andura,2298,Valid,H6,17900.0,,20.88333,76.86667,"[76, 20]"
Northwest Africa 5815,50693,Valid,L5,256.8,,0.0,0.0,"[0, 0]"
Angers,2301,Valid,L6,,,47.46667,-0.55,"[0, 47]"
Angra dos Reis (stone),2302,Valid,Angrite,1500.0,,-22.96667,-44.31667,"[-44, -22]"
Ankober,2304,Valid,H4,6500.0,,9.53333,39.71667,"[39, 9]"
Anlong,2305,Valid,H5,2500.0,,25.15,105.18333,"[105, 25]"
Aomori,2313,Valid,L6,320.0,,40.81056,140.78556,"[140, 40]"
Appley Bridge,2318,Valid,LL6,15000.0,,53.58333,-2.71667,"[-2, 53]"
Apt,2320,Valid,L6,3200.0,,43.86667,5.38333,"[5, 43]"
Arbol Solo,2325,Valid,H5,810.0,,-33.0,-66.0,"[-66, -33]"
Archie,2329,Valid,H6,5070.0,,38.5,-94.3,"[-94, 38]"
Arroyo Aguiar,2340,Valid,H5,7450.0,,-31.41667,-60.66667,"[-60, -31]"
Asco,2345,Valid,H6,41.0,,42.45,9.03333,"[9, 42]"
Ash Creek,48954,Valid,L6,9500.0,,31.805,-97.01,"[-97, 31]"
Ashdon,2346,Valid,L6,1300.0,,52.05,0.3,"[0, 52]"
Assisi,2353,Valid,H5,2000.0,,43.03333,12.55,"[12, 43]"
Atarra,4883,Valid,L4,1280.0,,25.25417,80.625,"[80, 25]"
Atemajac,4884,Valid,L6,94.2,,20.06667,-103.66667,"[-103, 20]"
Athens,4885,Valid,LL6,265.0,,34.75,-87.0,"[-87, 34]"
Atoka,4888,Valid,L6,1384.2,,34.31667,-96.15,"[-96, 34]"
Aubres,4893,Valid,Aubrite,800.0,,44.38333,5.16667,"[5, 44]"
Aumale,4899,Valid,L6,50000.0,,36.16667,3.66667,"[3, 36]"
Aumieres,4900,Valid,L6,2000.0,,44.33333,3.23333,"[3, 44]"
Ausson,4903,Valid,L5,50000.0,,43.08333,0.58333,"[0, 43]"
Avanhandava,4905,Valid,H4,9330.0,,-21.46028,-49.95083,"[-49, -21]"
Avce,4906,Valid,"Iron, IIAB",1230.0,,46.0,13.5,"[13, 46]"
Avilez,4907,Valid,H,146.0,,25.0,-103.5,"[-103, 25]"
Awere,4910,Valid,L4,134.0,,2.71667,32.83333,"[32, 2]"
Aztec,4913,Valid,L6,2830.0,,36.8,-108.0,"[-108, 36]"
Bachmut,4917,Valid,L6,18000.0,,48.6,38.0,"[38, 48]"
Bahjoi,4922,Valid,"Iron, IAB-sLL",10322.0,,28.48333,78.5,"[78, 28]"
Bald Mountain,4925,Valid,L4,3700.0,,35.96667,-82.48333,"[-82, 35]"
Baldwyn,4926,Valid,L6,345.0,,34.5,-88.66667,"[-88, 34]"
Bali,4928,Valid,CV3,1000.0,,5.38333,16.38333,"[16, 5]"
Ban Rong Du,4934,Valid,"Iron, ungrouped",16700.0,,16.66667,101.18333,"[101, 16]"
Bandong,4935,Valid,LL6,11500.0,,-6.91667,107.6,"[107, -6]"
Bansur,4936,Valid,L6,15000.0,,27.7,76.33333,"[76, 27]"
Banswal,4937,Valid,L5,14.0,,30.4,78.2,"[78, 30]"
Banten,4938,Valid,CM2,629.0,,-6.33333,106.0,"[106, -6]"
Barbotan,4942,Valid,H5,6400.0,,43.95,-0.05,"[0, 43]"
Barcelona (stone),4944,Valid,OC,,,41.36667,2.16667,"[2, 41]"
Barea,4946,Valid,Mesosiderite-A1,3200.0,,42.38333,-2.5,"[-2, 42]"
Barnaul,4947,Valid,H5,23.2,,52.73333,84.08333,"[84, 52]"
Barntrup,4948,Valid,LL4,17.0,,52.0,9.1,"[9, 52]"
Baroti,4949,Valid,L6,4500.0,,31.61667,76.8,"[76, 31]"
Barwell,4954,Valid,L5,44000.0,,52.56528,-1.33972,"[-1, 52]"
Bassikounou,44876,Valid,H5,29560.0,,15.78333,-5.9,"[-5, 15]"
Baszkówka,4957,Valid,L5,15500.0,,52.03333,20.93583,"[20, 52]"
Bath,4974,Valid,H4,21000.0,,45.41667,-98.31667,"[-98, 45]"
Bath Furnace,4975,Valid,L6,86000.0,,38.25,-83.75,"[-83, 38]"
Battle Mountain,56133,Valid,L6,2900.0,,40.66813,-117.18913,"[-117, 40]"
Bawku,4976,Valid,LL5,1557.0,,11.08333,-0.18333,"[0, 11]"
Baxter,4977,Valid,L6,611.0,,36.75,-93.5,"[-93, 36]"
Beardsley,4984,Valid,H5,16000.0,,39.8,-101.2,"[-101, 39]"
Beaver Creek,4986,Valid,H5,14000.0,,51.16667,-117.33333,"[-117, 51]"
Beddgelert,4993,Valid,H5,794.0,,53.01667,-4.1,"[-4, 53]"
Bells,5005,Valid,C2-ung,375.0,,33.6,-96.46667,"[-96, 33]"
Belville,5009,Valid,OC,,,-32.33333,-64.86667,"[-64, -32]"
Benares (a),5011,Valid,LL4,3700.0,,25.36667,82.91667,"[82, 25]"
Benguerir,30443,Valid,LL6,25000.0,,32.25,-8.15,"[-8, 32]"
Beni M'hira,5018,Valid,L6,19000.0,,32.86667,10.8,"[10, 32]"
Benld,5021,Valid,H6,1770.5,,39.08333,-89.15,"[-89, 39]"
Benoni,5023,Valid,H6,3880.0,,-26.16667,28.41667,"[28, -26]"
Bensour,5024,Valid,LL6,45000.0,,30.0,-7.0,"[-7, 30]"
Benton,5026,Valid,LL6,2840.0,,45.95,-67.55,"[-67, 45]"
Berduc,48975,Valid,L6,270.0,,-31.91,-58.32833,"[-58, -31]"
Béréba,5028,Valid,Eucrite-mmict,18000.0,,11.65,-3.65,"[-3, 11]"
Berlanguillas,5029,Valid,L6,1440.0,,41.68333,-3.8,"[-3, 41]"
Berthoud,47355,Valid,Eucrite-mmict,960.0,,40.30583,-105.02325,"[-105, 40]"
Bethlehem,5032,Valid,H,13.9,,42.53333,-73.83333,"[-73, 42]"
Beuste,5034,Valid,L5,2000.0,,43.21667,-0.23333,"[0, 43]"
Beyrout,5035,Valid,LL3.8,1100.0,,33.88333,35.5,"[35, 33]"
Bhagur,5037,Valid,L6,18.0,,20.88333,74.83333,"[74, 20]"
Bhawad,36591,Valid,LL6,678.0,,26.50833,73.11528,"[73, 26]"
Bherai,5039,Valid,L6,100.0,,20.83333,71.46667,"[71, 20]"
Bhola,5040,Valid,LL3-6,1047.0,,22.68333,90.65,"[90, 22]"
Bholghati,5041,Valid,Howardite,2500.0,,22.08333,86.9,"[86, 22]"
Bialystok,5042,Valid,Eucrite-pmict,4000.0,,53.1,23.2,"[23, 53]"
Bielokrynitschie,5043,Valid,H4,1900.0,,50.13333,27.16667,"[27, 50]"
Bilanga,5045,Valid,Diogenite,25000.0,,12.45,-0.08333,"[0, 12]"
Binningup,5051,Valid,H5,488.1,,-33.15639,115.67639,"[115, -33]"
Birni N'konni,5056,Valid,H4,560.0,,13.76667,5.3,"[5, 13]"
Bishopville,5059,Valid,Aubrite,6000.0,,34.16667,-80.28333,"[-80, 34]"
Bishunpur,5060,Valid,LL3.15,1039.0,,25.38333,82.6,"[82, 25]"
Bjelaja Zerkov,5063,Valid,H6,1850.0,,49.78333,30.16667,"[30, 49]"
Bjurböle,5064,Valid,L/LL4,330000.0,,60.4,25.8,"[25, 60]"
Black Moshannan Park,5065,Valid,L5,705.0,,40.91667,-78.08333,"[-78, 40]"
Blackwell,5068,Valid,L5,2381.0,,36.83333,-97.33333,"[-97, 36]"
Blanket,5071,Valid,L6,5100.0,,31.83333,-98.83333,"[-98, 31]"
Blansko,5072,Valid,H6,470.0,,49.36667,16.63333,"[16, 49]"
Bloomington,5076,Valid,LL6,67.8,,40.48,-89.00417,"[-89, 40]"
Bo Xian,5090,Valid,LL3.9,7500.0,,33.83333,115.83333,"[115, 33]"
Bocas,5093,Valid,L6,56.0,,23.0,-102.0,"[-102, 23]"
Bogou,5097,Valid,"Iron, IAB-MG",8800.0,,12.5,0.7,"[0, 12]"
Boguslavka,5098,Valid,"Iron, IIAB",256000.0,,44.55,131.63333,"[131, 44]"
Borgo San Donino,5110,Valid,LL6,1676.0,,44.86667,10.05,"[10, 44]"
Bori,5111,Valid,L6,8600.0,,21.95,78.03333,"[78, 21]"
Boriskino,5112,Valid,CM2,1342.0,,54.23333,52.48333,"[52, 54]"
Borkut,5113,Valid,L5,7000.0,,48.15,24.28333,"[24, 48]"
Borodino,5114,Valid,H5,500.0,,55.46667,35.86667,"[35, 55]"
Botschetschki,5117,Valid,L4,614.0,,51.33333,33.88333,"[33, 51]"
Boumdeid (2003),57168,Valid,L6,190.0,,17.71067,-11.3715,"[-11, 17]"
Boumdeid (2011),57167,Valid,L6,3599.0,,17.17493,-11.34133,"[-11, 17]"
Bovedy,5121,Valid,L3,5460.0,,54.56667,-6.33333,"[-6, 54]"
Bradford Woods,5128,Valid,L,762.0,,40.5,-80.08333,"[-80, 40]"
Braunau,5133,Valid,"Iron, IIAB",39000.0,,50.6,16.3,"[16, 50]"
Breitscheid,5134,Valid,H5,1500.0,,50.66694,8.18361,"[8, 50]"
Bremervörde,5135,Valid,H/L3.9,7250.0,,53.4,9.1,"[9, 53]"
Brient,5140,Valid,Eucrite-pmict,219.0,,52.13333,59.31667,"[59, 52]"
Bruderheim,5156,Valid,L6,303000.0,,53.9,-112.88333,"[-112, 53]"
Bukhara,30448,Valid,CV3,5300.0,,39.77978,64.60035,"[64, 39]"
Bulls Run,5163,Valid,Iron?,2250.0,,,,
Bunburra Rockhole,48653,Valid,Eucrite,324.0,,-31.35,129.19,"[129, -31]"
Bununu,5165,Valid,Howardite,357.0,,10.01667,9.58333,"[9, 10]"
Bur-Gheluai,5169,Valid,H5,120000.0,,5.0,48.0,"[48, 5]"
Burnwell,5175,Valid,H4-an,1504.0,,37.62194,-82.23722,"[-82, 37]"
Bursa,5177,Valid,L6,25000.0,,40.2,29.23333,"[29, 40]"
Buschhof,5178,Valid,L6,5000.0,,46.45,25.78333,"[25, 46]"
Bustee,5181,Valid,Aubrite,1500.0,,26.78333,82.83333,"[82, 26]"
Butsura,5183,Valid,H6,29000.0,,27.08333,84.08333,"[84, 27]"
Buzzard Coulee,48654,Valid,H4,41000.0,,52.996,-109.84817,"[-109, 52]"
Cabezo de Mayo,5185,Valid,L/LL6,25000.0,,37.98333,-1.16667,"[-1, 37]"
Cabin Creek,5186,Valid,"Iron, IIIAB",48500.0,,35.5,-93.5,"[-93, 35]"
Cacak,5187,Valid,OC,212.0,,43.83889,20.33333,"[20, 43]"
Cali,45976,Valid,H/L4,478.0,,3.405,-76.51,"[-76, 3]"
Calivo,5200,Valid,Stone-uncl,2400.0,,11.75,122.33333,"[122, 11]"
Campos Sales,5249,Valid,L5,23680.0,,-7.03333,-40.16667,"[-40, -7]"
Çanakkale,5250,Valid,L6,4000.0,,39.8,26.6,"[26, 39]"
Cañellas,5251,Valid,H4,945.0,,41.25,1.66667,"[1, 41]"
Cangas de Onis,5252,Valid,H5,34000.0,,43.38333,-5.15,"[-5, 43]"
Canon City,5253,Valid,H6,1400.0,,38.47028,-105.24139,"[-105, 38]"
Cape Girardeau,5260,Valid,H6,2300.0,,37.26667,-89.58333,"[-89, 37]"
Capilla del Monte,5264,Valid,H6,750.0,,-30.88333,-64.55,"[-64, -30]"
Carancas,45817,Valid,H4-5,342.0,,-16.66444,-69.04389,"[-69, -16]"
Caratash,5265,Valid,LL6,8.0,,38.5,27.0,"[27, 38]"
Castalia,5291,Valid,H5,7300.0,,36.08333,-78.06667,"[-78, 36]"
Castel Berardenga,5292,Valid,Stone-uncl,,,43.35,11.5,"[11, 43]"
Castine,5293,Valid,L6,94.0,,44.38333,-68.75,"[-68, 44]"
Castrovillari,5295,Valid,Stone-uncl,15000.0,,39.8,16.2,"[16, 39]"
Caswell County,5296,Valid,OC,1360.0,,36.5,-79.25,"[-79, 36]"
Ceniceros,5306,Valid,L3.7,1025.0,,26.46667,-105.23333,"[-105, 26]"
Centerville,5307,Valid,H5,45.6,,43.2,-96.91667,"[-96, 43]"
Cereseto,5308,Valid,H5,6460.0,,45.08333,8.3,"[8, 45]"
Chadong,5313,Valid,L6,3700.0,,28.53333,109.31667,"[109, 28]"
Chail,5314,Valid,H6,0.5,,25.36667,81.66667,"[81, 25]"
Chainpur,5315,Valid,LL3.4,8200.0,,25.85,83.48333,"[83, 25]"
Chajari,5316,Valid,L5,18300.0,,-30.78333,-58.05,"[-58, -30]"
Chandakapur,5320,Valid,L5,8800.0,,20.26667,76.01667,"[76, 20]"
Chandpur,5321,Valid,L6,1100.0,,27.28333,79.05,"[79, 27]"
Changde,5322,Valid,H5,1810.0,,29.08333,111.75,"[111, 29]"
Chantonnay,5325,Valid,L6,31500.0,,46.68333,1.05,"[1, 46]"
Charlotte,5328,Valid,"Iron, IVA",4300.0,,36.16667,-87.33333,"[-87, 36]"
Charsonville,5329,Valid,H6,27000.0,,47.93333,1.56667,"[1, 47]"
Charwallas,5330,Valid,H6,12000.0,,29.48333,75.5,"[75, 29]"
Chassigny,5331,Valid,Martian (chassignite),4000.0,,47.71667,5.36667,"[5, 47]"
Château-Renard,5332,Valid,L6,30000.0,,47.93333,2.91667,"[2, 47]"
Chaves,5334,Valid,Howardite,2945.0,,41.93333,-7.46667,"[-7, 41]"
Chela,5338,Valid,H4,2936.0,,-3.66667,32.5,"[32, -3]"
Chelyabinsk,57165,Valid,LL5,100000.0,,54.81667,61.11667,"[61, 54]"
Chergach ,47347,Valid,H5,100000.0,,23.69639,-5.01472,"[-5, 23]"
Chernyi Bor,5339,Valid,H4,6000.0,,53.7,30.1,"[30, 53]"
Cherokee Springs,5340,Valid,LL6,8400.0,,35.03333,-81.88333,"[-81, 35]"
Chervettaz,5341,Valid,L5,705.0,,46.55,6.81667,"[6, 46]"
Chervony Kut,5342,Valid,Eucrite-mmict,1700.0,,50.83333,34.0,"[34, 50]"
Chetrinahatti,5344,Valid,Stone-uncl,72.0,,14.5,76.5,"[76, 14]"
Chiang Khan,5345,Valid,H6,367.0,,17.9,101.63333,"[101, 17]"
Chicora,5349,Valid,LL6,303.0,,40.93333,-79.73333,"[-79, 40]"
Chisenga,5355,Valid,"Iron, IIIAB",3920.0,,-10.05944,33.395,"[33, -10]"
Chitado,5356,Valid,L6,,,-17.35,13.96667,"[13, -17]"
Chitenay,5357,Valid,L6,4000.0,,47.47083,0.97667,"[0, 47]"
Cilimus,5364,Valid,L5,1600.0,,-6.95,108.1,"[108, -6]"
Claxton,5374,Valid,L6,1455.0,,32.1025,-81.87278,"[-81, 32]"
Clohars,5383,Valid,L4,48.6,,,,
Colby (Wisconsin),5395,Valid,L6,104000.0,,44.9,-90.28333,"[-90, 44]"
Cold Bokkeveld,5397,Valid,CM2,5200.0,,-33.13333,19.38333,"[19, -33]"
Coleman,5401,Valid,L6,469.0,,43.76111,-84.50778,"[-84, 43]"
Collescipoli,5403,Valid,H5,5000.0,,42.53333,12.61667,"[12, 42]"
Conquista,5418,Valid,H4,20350.0,,-19.85,-47.55,"[-47, -19]"
Cosina,5451,Valid,H5,1200.0,,21.16667,-100.86667,"[-100, 21]"
Cranganore,5465,Valid,L6,1460.0,,10.2,76.26667,"[76, 10]"
Crescent,5470,Valid,CM2,78.4,,35.95,-97.58333,"[-97, 35]"
Cronstad,5474,Valid,H5,3650.0,,-27.7,27.3,"[27, -27]"
Cross Roads,5476,Valid,H5,167.0,,35.63333,-78.13333,"[-78, 35]"
Crumlin,5477,Valid,L5,4255.0,,54.61667,-6.21667,"[-6, 54]"
Cumberland Falls,5496,Valid,Aubrite,17000.0,,36.83333,-84.35,"[-84, 36]"
Cynthiana,5500,Valid,L/LL4,6000.0,,38.4,-84.25,"[-84, 38]"
Dahmani,5504,Valid,LL6,18000.0,,35.61667,8.83333,"[8, 35]"
Dandapur,5511,Valid,L6,5650.0,,26.91667,83.96667,"[83, 26]"
Daniel's Kuil,5513,Valid,EL6,1064.0,,-28.2,24.56667,"[24, -28]"
Danville,5514,Valid,L6,2000.0,,34.4,-87.06667,"[-87, 34]"
Darmstadt,6603,Valid,H5,100.0,,49.86667,8.65,"[8, 49]"
Dashoguz,6604,Valid,H5,7000.0,,41.98444,59.685,"[59, 41]"
Daule,51559,Valid,L5,6580.0,,-1.87089,-79.95756,"[-79, -1]"
De Cewsville,6621,Valid,H6,340.0,,43.0,-80.0,"[-80, 43]"
Deal,6634,Valid,L6,28.0,,40.25,-74.0,"[-74, 40]"
Delhi,6642,Valid,L5,0.8,,28.56667,77.25,"[77, 28]"
Demina,6649,Valid,L6,16400.0,,51.46667,84.76667,"[84, 51]"
Denver,6660,Valid,L6,230.0,,39.7825,-104.93056,"[-104, 39]"
Dergaon,6664,Valid,H5,12500.0,,26.68333,93.86667,"[93, 26]"
Desuri,6693,Valid,H6,25400.0,,25.73333,73.61667,"[73, 25]"
Devgaon,6694,Valid,H3.8,12000.0,,19.0,81.0,"[81, 19]"
Devri-Khera,6696,Valid,L6,1140.0,,24.225,76.525,"[76, 24]"
Dhajala,6698,Valid,H3.8,45000.0,,22.37778,71.42722,"[71, 22]"
Dharwar,6699,Valid,OC,1800.0,,14.88333,75.6,"[75, 14]"
Dhurmsala,7640,Valid,LL6,32000.0,,32.23333,76.46667,"[76, 32]"
Didim,47350,Valid,H3-5,3396.0,,37.35172,27.32997,"[27, 37]"
Diep River,7642,Valid,L6,1000.0,,-33.75,18.56667,"[18, -33]"
Distrito Quebracho,7649,Valid,H4,400.0,,-31.88333,-60.46667,"[-60, -31]"
Djati-Pengilon,7652,Valid,H6,166000.0,,-7.5,111.5,"[111, -7]"
Djermaia,7656,Valid,H,3950.0,,12.73333,15.05,"[15, 12]"
Djoumine,7657,Valid,H5-6,10000.0,,36.95,9.55,"[9, 36]"
Dokachi,7658,Valid,H5,3840.0,,23.5,90.33333,"[90, 23]"
Dolgovoli,7659,Valid,L6,1600.0,,50.75,25.3,"[25, 50]"
Domanitch,7661,Valid,L5,438.0,,40.0,29.0,"[29, 40]"
Dong Ujimqin Qi,7706,Valid,Mesosiderite,128800.0,,45.5,119.03333,"[119, 45]"
Donga Kohrod,7707,Valid,H6,230.0,,21.86667,82.45,"[82, 21]"
Dongtai,7708,Valid,LL6,5500.0,,32.91667,120.78333,"[120, 32]"
Doroninsk,7718,Valid,H5-7,3891.0,,51.2,112.3,"[112, 51]"
Dosso,7722,Valid,L6,1250.0,,13.05,3.16667,"[3, 13]"
Douar Mghila,7723,Valid,LL6,1161.0,,32.33333,-6.3,"[-6, 32]"
Dowa,7725,Valid,Stone-uncl,642.0,,-13.66667,33.91667,"[33, -13]"
Drake Creek,7728,Valid,L6,5000.0,,36.4,-86.5,"[-86, 36]"
Dresden (Ontario),7731,Valid,H6,47700.0,,42.52,-82.26,"[-82, 42]"
Dubrovnik,7736,Valid,L3-6,1900.0,,42.45833,18.44167,"[18, 42]"
Dunbogan,7743,Valid,L6,30.0,,-31.66667,152.83333,"[152, -31]"
Dundrum,7745,Valid,H5,2270.0,,52.55,-8.03333,"[-8, 52]"
Dunhua,7749,Valid,Stone-uncl,,,43.33333,128.25,"[128, 43]"
Durala,7750,Valid,L6,13200.0,,30.3,76.63333,"[76, 30]"
Duruma,7752,Valid,L6,577.0,,-4.0,39.5,"[39, -4]"
Duwun,7754,Valid,L6,2117.0,,33.43333,127.26667,"[127, 33]"
Dwaleni,7755,Valid,H4-6,3230.0,,-27.2,31.31667,"[31, -27]"
Dyalpur,7757,Valid,Ureilite,300.0,,26.25,82.0,"[82, 26]"
Dyarrl Island,7758,Valid,Mesosiderite-A1,188.0,,-3.0,151.0,"[151, -3]"
Eagle,7760,Valid,EL6,10000.0,,40.78167,-96.47167,"[-96, 40]"
Ehole,7774,Valid,H5,2400.0,,-17.3,15.83333,"[15, -17]"
Eichstädt,7775,Valid,H5,3000.0,,48.9,11.21667,"[11, 48]"
Ekeby,7776,Valid,H4,3336.0,,56.03333,13.0,"[13, 56]"
Ekh Khera,7777,Valid,H6,840.0,,28.26667,78.78333,"[78, 28]"
El Idrissia,7807,Valid,L6,10000.0,,34.41667,3.25,"[3, 34]"
El Paso de Aguila,45977,Valid,H5,17226.0,,25.37,-97.37,"[-97, 25]"
El Tigre,7819,Valid,L6,5000.0,,19.96722,-103.05167,"[-103, 19]"
Elbert,7822,Valid,LL6,680.5,,39.24667,-104.58817,"[-104, 39]"
Elbogen,7823,Valid,"Iron, IID",107000.0,,50.18333,12.73333,"[12, 50]"
Elenovka,7824,Valid,L5,54640.0,,47.83333,37.66667,"[37, 47]"
Ellemeet,10019,Valid,Diogenite,1470.0,,51.75,4.0,"[4, 51]"
Emmaville,10033,Valid,Eucrite-mmict,127.0,,-29.46667,151.61667,"[151, -29]"
Enshi,10038,Valid,H5,8000.0,,30.3,109.5,"[109, 30]"
Ensisheim,10039,Valid,LL6,127000.0,,47.86667,7.35,"[7, 47]"
Épinal,10041,Valid,H5,277.0,,48.18333,6.46667,"[6, 48]"
Erakot,10042,Valid,CM2,113.0,,19.03333,81.89167,"[81, 19]"
Erevan,10043,Valid,Howardite,107.2,,40.3,44.5,"[44, 40]"
Ergheo,10044,Valid,L5,20000.0,,1.16667,44.16667,"[44, 1]"
Erxleben,10049,Valid,H6,2250.0,,52.21667,11.25,"[11, 52]"
Esnandes,10051,Valid,L6,1500.0,,46.25,-1.1,"[-1, 46]"
Essebi,10055,Valid,C2-ung,500.0,,2.88333,30.83333,"[30, 2]"
Estherville,10059,Valid,Mesosiderite-A3/4,320000.0,,43.41667,-94.83333,"[-94, 43]"
Farmington,10074,Valid,L5,89400.0,,39.75,-97.03333,"[-97, 39]"
Farmville,10075,Valid,H4,56000.0,,35.55,-77.53333,"[-77, 35]"
Favars,10078,Valid,H5,1500.0,,44.38333,2.81667,"[2, 44]"
Fayetteville,10079,Valid,H4,2360.0,,36.05,-94.16667,"[-94, 36]"
Feid Chair,10080,Valid,H4,380.0,,36.88333,8.45,"[8, 36]"
Felix,10081,Valid,CO3.3,3200.0,,32.53333,-87.16667,"[-87, 32]"
Fenghsien-Ku,10086,Valid,H5,82.0,,34.6,116.75,"[116, 34]"
Ferguson,10088,Valid,OC,220.0,,36.1,-81.41667,"[-81, 36]"
Fermo,10091,Valid,H3-5,10200.0,,43.18111,13.75333,"[13, 43]"
Fisher,10107,Valid,L6,17600.0,,47.81667,-96.85,"[-96, 47]"
Florence,10111,Valid,H3,3640.0,,30.83333,-97.76667,"[-97, 30]"
Forest City,10119,Valid,H5,152000.0,,43.25,-93.66667,"[-93, 43]"
Forest Vale,10120,Valid,H4,26000.0,,-33.35,146.85833,"[146, -33]"
Forksville,10123,Valid,L6,6067.0,,36.78333,-78.08333,"[-78, 36]"
Forsbach,10163,Valid,H6,240.0,,50.95,7.31667,"[7, 50]"
Forsyth,10164,Valid,L6,16300.0,,33.01667,-83.96667,"[-83, 33]"
Fort Flatters,10166,Valid,Stone-uncl,,,28.25,7.0,"[7, 28]"
Frankfort (stone),10177,Valid,Howardite,650.0,,34.48333,-87.83333,"[-87, 34]"
Fuhe,52412,Valid,L5,23000.0,,31.47556,113.56694,"[113, 31]"
Fukutomi,10836,Valid,L5,11620.0,,33.18333,130.2,"[130, 33]"
Fünen,10838,Valid,Stone-uncl,,,55.33333,10.33333,"[10, 55]"
Futtehpur,10839,Valid,L6,4000.0,,25.95,80.81667,"[80, 25]"
Fuyang,10840,Valid,Stone-uncl,2500.0,,32.9,115.9,"[115, 32]"
Galapian,10846,Valid,H6,132.7,,44.3,0.4,"[0, 44]"
Galim (a),10848,Valid,LL6,36.1,,7.05,12.43333,"[12, 7]"
Galim (b),10849,Valid,EH3/4-an,28.0,,7.05,12.43333,"[12, 7]"
Galkiv,10850,Valid,H4,5000.0,,51.68333,30.78333,"[30, 51]"
Gambat,10851,Valid,L6,6400.0,,27.35,68.53333,"[68, 27]"
Gao-Guenie,10854,Valid,H5,,,11.65,-2.18333,"[-2, 11]"
Garhi Yasin,10860,Valid,"Iron, IIE",380.0,,27.88333,68.53333,"[68, 27]"
Garland,10861,Valid,Diogenite-pm,102.0,,41.68333,-112.13333,"[-112, 41]"
Gashua,44882,Valid,L6,4162.0,,12.85,11.03333,"[11, 12]"
Gasseltepaoua,10866,Valid,H5,,,14.15083,-2.04167,"[-2, 14]"
Geidam,10870,Valid,H5,725.0,,12.91667,11.91667,"[11, 12]"
Gifu,10914,Valid,L6,14290.0,,35.53333,136.88333,"[136, 35]"
Girgenti,10917,Valid,L6,18000.0,,37.31667,13.56667,"[13, 37]"
Git-Git,10919,Valid,L6,480.0,,9.6,9.91667,"[9, 9]"
Glanerbrug,10923,Valid,L/LL5,670.0,,52.2,6.86667,"[6, 52]"
Glanggang,10924,Valid,H5-6,1303.0,,-7.25,107.7,"[107, -7]"
Glasatovo,10926,Valid,H4,152000.0,,57.35,37.61667,"[37, 57]"
Glatton,10930,Valid,L6,767.0,,52.45972,-0.3,"[0, 52]"
Gnadenfrei,10936,Valid,H5,1750.0,,50.66667,16.76667,"[16, 50]"
Gopalpur,10948,Valid,H6,1600.0,,24.23333,89.05,"[89, 24]"
Gorlovka,10949,Valid,H3.7,3618.0,,48.28333,38.08333,"[38, 48]"
Granes,10956,Valid,L6,9000.0,,42.9,2.25,"[2, 42]"
Grefsheim,11196,Valid,L5,45.5,,60.66667,11.0,"[11, 60]"
Grimsby,50911,Valid,H5,215.0,,43.2,-79.61667,"[-79, 43]"
Grosnaja,11206,Valid,CV3,3500.0,,43.66667,45.38333,"[45, 43]"
Gross-Divina,11207,Valid,H5,10500.0,,49.26667,18.71667,"[18, 49]"
Grossliebenthal,11208,Valid,L6,8000.0,,46.35,30.58333,"[30, 46]"
Grüneberg,11426,Valid,H4,1000.0,,51.93333,15.5,"[15, 51]"
Grzempach,11429,Valid,H5,690.0,,52.86667,16.63333,"[16, 52]"
Gualeguaychú,11432,Valid,H6,22000.0,,-33.0,-58.61667,"[-58, -33]"
Guangmingshan,11435,Valid,H5,2910.0,,39.80417,122.76389,"[122, 39]"
Guangnan,11436,Valid,L6,,,24.1,105.0,"[105, 24]"
Guangrao,11437,Valid,L6,1900.0,,37.1,118.4,"[118, 37]"
Guareña,11439,Valid,H6,39000.0,,38.73333,-6.01667,"[-6, 38]"
Guêa,11440,Valid,Stone-uncl,1915.0,,43.76667,20.23333,"[20, 43]"
Guibga,11442,Valid,L5,288.0,,13.5,-0.68333,"[0, 13]"
Guidder,11443,Valid,LL5,968.0,,9.91667,13.98333,"[13, 9]"
Gujargaon,11448,Valid,H5,2449.0,,22.98333,76.05,"[76, 22]"
Gujba,11449,Valid,CBa,100000.0,,11.49167,11.65833,"[11, 11]"
Gumoschnik,11450,Valid,H5,5700.0,,42.9,24.7,"[24, 42]"
Gurram Konda,11464,Valid,L6,28.0,,13.78333,78.56667,"[78, 13]"
Gursum,11465,Valid,H4/5,34650.0,,9.36667,42.41667,"[42, 9]"
Gütersloh,11466,Valid,H3/4,1000.0,,51.91667,8.38333,"[8, 51]"
Gyokukei,11467,Valid,OC,1320.0,,35.0,127.5,"[127, 35]"
Hachi-oji,11468,Valid,H?,0.2,,35.65,139.33333,"[139, 35]"
Hainaut,11472,Valid,H3-6,9000.0,,50.31667,3.73333,"[3, 50]"
Hallingeberg,11479,Valid,L3.4,1456.0,,57.81667,16.23333,"[16, 57]"
Hamlet,11485,Valid,LL4,3710.0,,41.38333,-86.6,"[-86, 41]"
Haraiya,11824,Valid,Eucrite-mmict,1000.0,,26.8,82.53333,"[82, 26]"
Haripura,11829,Valid,CM2,315.0,,28.38333,75.78333,"[75, 28]"
Harleton,11830,Valid,L6,8360.0,,32.675,-94.51167,"[-94, 32]"
Harrison County,11842,Valid,L6,680.0,,38.25,-86.16667,"[-86, 38]"
Hashima,11848,Valid,H4,1110.6,,35.2945,136.70033,"[136, 35]"
Hassi-Jekna,11852,Valid,"Iron, IAB-sHL",1250.0,,28.95,0.81667,"[0, 28]"
Hatford,11855,Valid,Stone-uncl,29000.0,,51.65,-1.51667,"[-1, 51]"
Haverö,11859,Valid,Ureilite,1544.0,,60.24556,22.06194,"[22, 60]"
Hedeskoga,11869,Valid,H5,3500.0,,55.46667,13.78333,"[13, 55]"
Hedjaz,11870,Valid,L3.7-6,6100.0,,27.33333,35.66667,"[35, 27]"
Heredia,11875,Valid,H5,1000.0,,10.0,-84.1,"[-84, 10]"
Hessle,11878,Valid,H5,20000.0,,59.85,17.66667,"[17, 59]"
Higashi-koen,11883,Valid,H5,750.0,,33.6,130.43333,"[130, 33]"
High Possil,11884,Valid,L6,4500.0,,55.9,-4.23333,"[-4, 55]"
Hiroshima,11889,Valid,H5,414.0,,34.45,132.38333,"[132, 34]"
Hoima,44714,Valid,H6,167.7,,1.345,31.47278,"[31, 1]"
Hökmark,11893,Valid,L4,305.5,,64.43333,21.2,"[21, 64]"
Holbrook,11894,Valid,L/LL6,220000.0,,34.9,-110.18333,"[-110, 34]"
Holetta,11895,Valid,Stone-uncl,1415.0,,9.06667,38.41667,"[38, 9]"
Homestead,11901,Valid,L5,230000.0,,41.8,-91.86667,"[-91, 41]"
Honolulu,11904,Valid,L5,2420.0,,21.3,-157.86667,"[-157, 21]"
Hotse,11913,Valid,L6,180.0,,35.66667,115.5,"[115, 35]"
Hoxie,11915,Valid,OC,266.1,,39.35,-100.45,"[-100, 39]"
Hraschina,11916,Valid,"Iron, IID",49000.0,,46.1,16.33333,"[16, 46]"
Huaxi,54719,Valid,H5,1600.0,,26.46469,106.63241,"[106, 26]"
Hungen,11986,Valid,H6,112.0,,50.3,8.91667,"[8, 50]"
Hvittis,11989,Valid,EL6,14000.0,,61.18333,22.68333,"[22, 61]"
Ibbenbüren,11992,Valid,Diogenite,2000.0,,52.28333,7.7,"[7, 52]"
Ibitira,11993,Valid,Eucrite-mmict,2500.0,,-20.0,-45.0,"[-45, -20]"
Ibrisim,11994,Valid,OC,,,38.0,35.0,"[35, 38]"
Ichkala,11995,Valid,H6,3973.0,,58.2,82.93333,"[82, 58]"
Idutywa,12000,Valid,H5,3457.0,,-32.1,28.33333,"[28, -32]"
Iguaracu,12003,Valid,H5,1200.0,,-23.2,-51.83333,"[-51, -23]"
Ijopega,12004,Valid,H6,7330.0,,-6.03333,145.36667,"[145, -6]"
Indarch,12027,Valid,EH4,27000.0,,39.75,46.66667,"[46, 39]"
Independence,12028,Valid,L6,880.0,,39.08333,-94.4,"[-94, 39]"
Inner Mongolia,12037,Valid,L6,3000.0,,41.0,112.0,"[112, 41]"
Innisfree,12039,Valid,L5,4576.0,,53.415,-111.3375,"[-111, 53]"
Ipiranga,12043,Valid,H6,7000.0,,-25.5,-54.5,"[-54, -25]"
Ishinga,12049,Valid,H,1300.0,,-8.93333,33.8,"[33, -8]"
Isthilart,12053,Valid,H5,3050.0,,-31.18333,-57.95,"[-57, -31]"
Itapicuru-Mirim,12056,Valid,H5,2024.0,,-3.4,-44.33333,"[-44, -3]"
Itqiy,12058,Valid,EH7-an,4720.0,,26.59083,-12.95217,"[-12, 26]"
Ivuna,12063,Valid,CI1,704.5,,-8.41667,32.43333,"[32, -8]"
Jackalsfontein,12065,Valid,L6,48000.0,,-32.5,21.9,"[21, -32]"
Jajh deh Kot Lalu,12067,Valid,EL6,973.0,,26.75,68.41667,"[68, 26]"
Jalanash,12068,Valid,Ureilite,700.0,,,,
Jalandhar,12069,Valid,Iron,1967.0,,31.0,75.0,"[75, 31]"
Jamkheir,12072,Valid,H6,22.0,,18.75,75.33333,"[75, 18]"
Jartai,12074,Valid,L6,20500.0,,39.7,105.8,"[105, 39]"
Jelica,12078,Valid,LL6,34000.0,,43.83333,20.44167,"[20, 43]"
Jemlapur,12079,Valid,L6,450.0,,,,
Jesenice,51589,Valid,L6,3667.0,,46.42137,14.05217,"[14, 46]"
Jhung,12085,Valid,L5,5900.0,,31.3,72.38333,"[72, 31]"
Jiange,12086,Valid,H5,222.0,,31.91667,104.91667,"[104, 31]"
Jianshi,12087,Valid,"Iron, IIIAB",600000.0,,30.80833,109.5,"[109, 30]"
Jilin,12171,Valid,H5,4000000.0,,44.05,126.16667,"[126, 44]"
Jodiya,47362,Valid,L5,100.0,,22.68,70.31333,"[70, 22]"
Jodzie,12173,Valid,Howardite,30.0,,55.7,24.4,"[24, 55]"
Johnstown,12198,Valid,Diogenite,40300.0,,40.35,-104.9,"[-104, 40]"
Jolomba,12199,Valid,LL6,483.0,,-11.85,15.83333,"[15, -11]"
Jonzac,12202,Valid,Eucrite-mmict,5000.0,,45.43333,-0.45,"[0, 45]"
Juancheng,12203,Valid,H5,100000.0,,35.5,115.41667,"[115, 35]"
Judesegeri,12207,Valid,H6,680.0,,12.85,76.8,"[76, 12]"
Jumapalo,12209,Valid,L6,32490.0,,-7.71667,111.2,"[111, -7]"
Junan,12210,Valid,L6,950.0,,35.2,118.8,"[118, 35]"
Juromenha,12213,Valid,"Iron, IIIAB",25250.0,,38.74028,-7.27,"[-7, 38]"
Juvinas,12214,Valid,Eucrite-mmict,91000.0,,44.71667,4.3,"[4, 44]"
Kaba,12218,Valid,CV3,3000.0,,47.35,21.3,"[21, 47]"
Kabo,12220,Valid,H4,13400.0,,11.85,8.21667,"[8, 11]"
Kadonah,12221,Valid,H6,89.0,,27.08333,78.33333,"[78, 27]"
Kaee,12222,Valid,H5,230.0,,27.25,79.96667,"[79, 27]"
Kagarlyk,12227,Valid,L6,1900.0,,49.86667,30.83333,"[30, 49]"
Kaidun,12228,Valid,CR2,2000.0,,15.0,48.3,"[48, 15]"
Kainsaz,12229,Valid,CO3.2,200000.0,,55.43333,53.25,"[53, 55]"
Kakangari,12230,Valid,K3,350.0,,12.38333,78.51667,"[78, 12]"
Kakowa,12231,Valid,L6,577.0,,45.13333,21.66667,"[21, 45]"
Kalaba,12232,Valid,H4,950.0,,-6.83333,29.5,"[29, -6]"
Kalumbi,12236,Valid,L6,4500.0,,17.83333,73.98333,"[73, 17]"
Kamalpur,12238,Valid,L6,2770.0,,26.03333,81.46667,"[81, 26]"
Kamiomi,12240,Valid,H5,448.0,,36.04167,139.95667,"[139, 36]"
Kamsagar,12241,Valid,L6,1293.0,,14.18333,75.8,"[75, 14]"
Kandahar (Afghanistan),12243,Valid,L6,299.0,,31.6,65.78333,"[65, 31]"
Kangean,12245,Valid,H5,1630.0,,-7.0,115.5,"[115, -7]"
Kangra Valley,12246,Valid,H5,400.0,,32.08333,76.3,"[76, 32]"
Kapoeta,12251,Valid,Howardite,11355.0,,4.7,33.63333,"[33, 4]"
Kaprada,47357,Valid,L5/6,1600.0,,20.33916,73.22329,"[73, 20]"
Kaptal-Aryk,12253,Valid,L6,3500.0,,42.45,73.36667,"[73, 42]"
Karakol,12256,Valid,LL6,3000.0,,47.21667,81.01667,"[81, 47]"
Karatu,12258,Valid,LL6,2220.0,,-3.5,35.58333,"[35, -3]"
Karewar,12260,Valid,L6,180.0,,12.9,7.15,"[7, 12]"
Karkh,12262,Valid,L6,22000.0,,27.8,67.16667,"[67, 27]"
Karloowala,12263,Valid,L6,2950.0,,31.58333,71.6,"[71, 31]"
Karoonda,12264,Valid,CK4,41730.0,,-35.08333,139.91667,"[139, -35]"
Kasamatsu,12266,Valid,H,710.0,,35.36667,136.76667,"[136, 35]"
Kasauli,30740,Valid,H4,16820.0,,29.58333,77.58333,"[77, 29]"
Katagum,35465,Valid,L6,1500.0,,11.33333,10.08333,"[10, 11]"
Kavarpura,47351,Valid,"Iron, IIE-an",6800.0,,25.14333,75.81333,"[75, 25]"
Kayakent,12268,Valid,"Iron, IIIAB",85000.0,,39.26333,31.78,"[31, 39]"
Kediri,12270,Valid,L4,3300.0,,-7.75,112.01667,"[112, -7]"
Kemer,53654,Valid,L4,5760.0,,36.54194,29.41822,"[29, 36]"
Kendleton,12275,Valid,L4,6937.0,,29.45,-96.0,"[-96, 29]"
Kendrapara,12276,Valid,H4-5,6669.2,,20.4625,86.70278,"[86, 20]"
Kerilis,12282,Valid,H5,5000.0,,48.4,-3.3,"[-3, 48]"
Kernouve,12284,Valid,H6,80000.0,,48.11667,-3.08333,"[-3, 48]"
Kesen,12286,Valid,H4,135000.0,,38.98333,141.61667,"[141, 38]"
Khairpur,12288,Valid,EL6,13600.0,,29.53333,72.3,"[72, 29]"
Khanpur,12289,Valid,LL5,3698.0,,25.55,83.11667,"[83, 25]"
Kharkov,12291,Valid,L6,1500.0,,50.625,35.075,"[35, 50]"
Kheragur,12294,Valid,L6,450.0,,26.95,77.88333,"[77, 26]"
Khetri,12296,Valid,H6,100.0,,28.01667,75.81667,"[75, 28]"
Khmelevka,12297,Valid,L5,6109.0,,56.75,75.33333,"[75, 56]"
Khohar,12298,Valid,L3.6,9700.0,,25.1,81.53333,"[81, 25]"
Khor Temiki,12299,Valid,Aubrite,3200.0,,16.0,36.0,"[36, 16]"
Kidairat,12300,Valid,H6,100000.0,,14.0,28.0,"[28, 14]"
Kiel,12301,Valid,L6,737.6,,54.4,10.15,"[10, 54]"
Kiffa,12303,Valid,H5,1500.0,,16.58333,-11.33333,"[-11, 16]"
Kijima (1906),12305,Valid,Stone-uncl,331.0,,36.85,138.38333,"[138, 36]"
Kikino,12306,Valid,H6,195.0,,55.0,34.0,"[34, 55]"
Kilabo,12307,Valid,LL6,19000.0,,12.76667,9.8,"[9, 12]"
Kilbourn,12308,Valid,H5,772.0,,43.58333,-89.6,"[-89, 43]"
Killeter,12309,Valid,H6,140.0,,54.66667,-7.66667,"[-7, 54]"
Kingai,12316,Valid,H6,67.4,,11.63333,24.68333,"[24, 11]"
Kirbyville,12321,Valid,Eucrite-mmict,97.7,,30.75,-95.95,"[-95, 30]"
Kisvarsány,12325,Valid,L6,1550.0,,48.16667,22.30833,"[22, 48]"
Kitchener,12326,Valid,L6,202.6,,43.38333,-80.38333,"[-80, 43]"
Klein-Wenden,12332,Valid,H6,3250.0,,51.6,10.8,"[10, 51]"
Knyahinya,12335,Valid,L/LL5,500000.0,,48.9,22.4,"[22, 48]"
Kobe,12336,Valid,CK4,136.0,,34.73333,135.16667,"[135, 34]"
Kokubunji,12342,Valid,L6,11510.0,,34.3,133.95,"[133, 34]"
Komagome,12343,Valid,Iron,238.0,,35.73333,139.75,"[139, 35]"
Konovo,12344,Valid,LL5,90.0,,42.51667,26.16667,"[26, 42]"
Košice,53810,Valid,H5,4300.0,,48.76367,21.17633,"[21, 48]"
Krähenberg,12353,Valid,LL5,16500.0,,49.32694,7.46472,"[7, 49]"
Krasnoi-Ugol,12355,Valid,L6,2440.0,,54.03333,40.9,"[40, 54]"
Krasnyi Klyuch,12357,Valid,H5,4000.0,,54.33333,56.08333,"[56, 54]"
Krutikha,12363,Valid,OC,845.2,,56.8,77.0,"[77, 56]"
Krymka,12364,Valid,LL3.2,50000.0,,47.83333,30.76667,"[30, 47]"
Kukschin,12368,Valid,L6,2250.0,,51.15,31.7,"[31, 51]"
Kulak,12369,Valid,L5,453.6,,30.73111,66.80222,"[66, 30]"
Kuleschovka,12370,Valid,L6,6000.0,,50.75,33.5,"[33, 50]"
Kulp,12373,Valid,H6,3719.0,,41.11667,45.0,"[45, 41]"
Kunashak,12377,Valid,L6,200000.0,,55.78333,61.36667,"[61, 55]"
Kunya-Urgench,12379,Valid,H5,1100000.0,,42.25,59.2,"[59, 42]"
Kushiike,12381,Valid,OC,4460.0,,37.05,138.38333,"[138, 37]"
Kusiali,12382,Valid,L6,5.0,,29.68333,78.38333,"[78, 29]"
Kutais,12383,Valid,H5,23.0,,44.51667,39.3,"[39, 44]"
Kuttippuram,12384,Valid,L6,45000.0,,10.83333,76.03333,"[76, 10]"
Kuznetzovo,12385,Valid,L6,4047.0,,55.2,75.33333,"[75, 55]"
Kyushu,12390,Valid,L6,45000.0,,32.03333,130.63333,"[130, 32]"
La Bécasse,12392,Valid,L6,2800.0,,47.08333,1.75,"[1, 47]"
La Charca,12394,Valid,OC,399.0,,20.66667,-101.28333,"[-101, 20]"
La Colina,12395,Valid,H5,2000.0,,-37.33333,-61.53333,"[-61, -37]"
La Criolla,12396,Valid,L6,45000.0,,-31.23333,-58.16667,"[-58, -31]"
Laborel,12408,Valid,H5,3833.0,,44.28333,5.58333,"[5, 44]"
Lahrauli,12433,Valid,Ureilite,900.0,,26.78333,82.71667,"[82, 26]"
L'Aigle,12434,Valid,L6,37000.0,,48.76667,0.63333,"[0, 48]"
Cumulus Hills 04075,32531,Valid,Pallasite,9.6,,,,
Lakangaon,12435,Valid,Eucrite-mmict,212.5,,21.86667,76.03333,"[76, 21]"
Lalitpur,12451,Valid,L6,372.0,,24.45,78.56667,"[78, 24]"
Lancé,12455,Valid,CO3.5,51700.0,,47.7,1.06667,"[1, 47]"
Lancon,12456,Valid,H6,7000.0,,43.75,5.11667,"[5, 43]"
Långhalsen,12461,Valid,L6,2300.0,,58.85,16.73333,"[16, 58]"
Lanxi,12464,Valid,L6,1282.0,,46.24167,126.19611,"[126, 46]"
Lanzenkirchen,12465,Valid,L4,7000.0,,47.75,16.23333,"[16, 47]"
Laochenzhen,12466,Valid,H5,14250.0,,33.13333,115.16667,"[115, 33]"
Launton,12740,Valid,L6,1060.0,,51.9,-1.11667,"[-1, 51]"
Lavrentievka,12743,Valid,L6,800.0,,52.45,51.56667,"[51, 52]"
Le Pressoir,12748,Valid,H5,3000.0,,47.16667,0.43333,"[0, 47]"
Le Teilleul,12749,Valid,Howardite,780.0,,48.53333,-0.86667,"[0, 48]"
Leedey,12755,Valid,L6,51500.0,,35.88333,-99.33333,"[-99, 35]"
Leeuwfontein,12756,Valid,L6,460.0,,-25.66667,28.36667,"[28, -25]"
Leighlinbridge,12759,Valid,L6,271.4,,52.66667,-6.96667,"[-6, 52]"
Leighton,12760,Valid,H5,877.0,,34.58333,-87.5,"[-87, 34]"
Leonovka,12765,Valid,L6,700.0,,52.26667,32.85,"[32, 52]"
Les Ormes,12769,Valid,L6,125.0,,48.35,3.25,"[3, 48]"
Lesves,12772,Valid,L6,2000.0,,50.36667,4.73333,"[4, 50]"
Lichtenberg,14646,Valid,H6,4000.0,,-26.15,26.18333,"[26, -26]"
Lillaverke,14650,Valid,H5,6862.0,,56.65,15.86667,"[15, 56]"
Limerick,14652,Valid,H5,50000.0,,52.56667,-8.78333,"[-8, 52]"
Linum,14655,Valid,L6,1862.0,,52.75,12.9,"[12, 52]"
Lishui,14659,Valid,L5,498.0,,31.63333,118.98333,"[118, 31]"
Lissa,14661,Valid,L6,12800.0,,50.2,14.85,"[14, 50]"
Little Piney,14664,Valid,L5,491.0,,37.91667,-92.08333,"[-92, 37]"
Lixna,14670,Valid,H4,5213.0,,56.0,26.43333,"[26, 56]"
Lodran,14675,Valid,Lodranite,1000.0,,29.53333,71.8,"[71, 29]"
Lohawat,14678,Valid,Howardite,40000.0,,26.96556,72.62667,"[72, 26]"
Lorton,52843,Valid,L6,329.7,,38.70066,-77.21163,"[-77, 38]"
Los Martinez,14708,Valid,L6,25.0,,38.0,-0.83333,"[0, 38]"
Lost City,14711,Valid,H5,17000.0,,36.00833,-95.15,"[-95, 36]"
Louisville,14716,Valid,L6,1300.0,,38.25,-85.75,"[-85, 38]"
Łowicz,14718,Valid,Mesosiderite-A3,59000.0,,52.0,19.91667,"[19, 52]"
Lua,14721,Valid,L5,9241.0,,24.95,75.15,"[75, 24]"
Lucé,14724,Valid,L6,3500.0,,47.85,0.48333,"[0, 47]"
Lumpkin,14753,Valid,L6,340.0,,32.03333,-84.76667,"[-84, 32]"
Lunan,14754,Valid,H6,2520.0,,24.8,103.3,"[103, 24]"
Lundsgård,14755,Valid,L6,11000.0,,56.21667,13.03333,"[13, 56]"
Luotolax,14756,Valid,Howardite,885.0,,61.2,27.7,"[27, 61]"
Luponnas,14757,Valid,H3-5,14000.0,,46.21667,5.0,"[5, 46]"
Lusaka,14759,Valid,Unknown,,,-7.21667,29.43333,"[29, -7]"
Mabwe-Khoywa,14764,Valid,L5,540.0,,19.0,97.0,"[97, 19]"
Macau,15370,Valid,H5,1500.0,,-5.2,-36.66667,"[-36, -5]"
Machinga,15371,Valid,L6,93200.0,,-15.21222,35.24222,"[35, -15]"
Macibini,15372,Valid,Eucrite-pmict,1995.0,,-28.83333,31.95,"[31, -28]"
Madhipura,15379,Valid,L,1000.0,,25.91667,86.36667,"[86, 25]"
Madiun,15380,Valid,L6,400.0,,-7.75,111.53333,"[111, -7]"
Madrid,15382,Valid,L6,400.0,,40.41667,-3.71667,"[-3, 40]"
Mafra,15383,Valid,L3-4,600.0,,-26.16667,-49.93333,"[-49, -26]"
Magnesia,15386,Valid,"Iron, IAB-sHL",5000.0,,37.86667,27.51667,"[27, 37]"
Magombedze,15387,Valid,H3-5,666.6,,-19.48333,31.65,"[31, -19]"
Mahadevpur,47361,Valid,H4/5,70500.0,,27.66667,95.78333,"[95, 27]"
Maigatari-Danduma,30751,Valid,H5/6,4629.0,,12.83333,9.38333,"[9, 12]"
Malaga,15393,Valid,OC,150.0,,32.21667,-104.0,"[-104, 32]"
Malakal,15394,Valid,L5,2000.0,,9.5,31.75,"[31, 9]"
Malampaka,15395,Valid,H,470.0,,-3.13333,33.51667,"[33, -3]"
Malotas,15397,Valid,H5,,,-28.93333,-63.23333,"[-63, -28]"
Malvern,15400,Valid,Eucrite-pmict,807.0,,-29.45,26.76667,"[26, -29]"
Mamra Springs,15401,Valid,L6,1000.0,,45.21667,62.08333,"[62, 45]"
Manbhoom,15402,Valid,LL6,1700.0,,23.05,86.7,"[86, 23]"
Manegaon,15403,Valid,Diogenite,50.0,,20.96667,76.1,"[76, 20]"
Mangwendi,15405,Valid,LL6,22300.0,,-17.65,31.6,"[31, -17]"
Manych,15409,Valid,LL3.4,3555.0,,45.81667,44.63333,"[44, 45]"
Mardan,15414,Valid,H5,4500.0,,34.23333,72.08333,"[72, 34]"
Maria Linden,15418,Valid,L4,114.0,,,,
Mariaville,15419,Valid,Iron,340.0,,42.71667,-99.38333,"[-99, 42]"
Maribo,48973,Valid,CM2,25.81,,54.76183,11.46745,"[11, 54]"
Maridi,15421,Valid,H6,3200.0,,4.66667,29.25,"[29, 4]"
Marilia,15422,Valid,H4,2500.0,,-22.25,-49.93333,"[-49, -22]"
Marion (Iowa),15424,Valid,L6,28400.0,,41.9,-91.6,"[-91, 41]"
Marjalahti,15426,Valid,"Pallasite, PMG",45000.0,,61.5,30.5,"[30, 61]"
Marmande,15429,Valid,L5,3000.0,,44.5,0.15,"[0, 44]"
Maromandia,15430,Valid,L6,6000.0,,-14.2,48.1,"[48, -14]"
Maryville,15436,Valid,L6,1443.0,,35.8,-84.1,"[-84, 35]"
Mascombes,15438,Valid,L6,1000.0,,45.36667,1.86667,"[1, 45]"
Mason Gully,53653,Valid,H5,24.54,,0.0,0.0,"[0, 0]"
Mässing,15443,Valid,Howardite,1600.0,,48.13333,12.61667,"[12, 48]"
Mauerkirchen,15446,Valid,L6,19000.0,,48.18333,13.13333,"[13, 48]"
Mauritius,15447,Valid,L6,220.0,,-20.0,57.0,"[57, -20]"
Mayo Belwa,15451,Valid,Aubrite,4850.0,,8.96667,12.08333,"[12, 8]"
Mazapil,15453,Valid,"Iron, IAB-sLL",4000.0,,24.68333,-101.68333,"[-101, 24]"
Maziba,15454,Valid,L6,4975.0,,-1.21667,30.0,"[30, -1]"
Mbale,15455,Valid,L5/6,150000.0,,1.06667,34.16667,"[34, 1]"
Medanitos,15467,Valid,Eucrite-cm,31.0,,-27.25,-67.5,"[-67, -27]"
Meerut,15469,Valid,H5,22.0,,29.01667,77.8,"[77, 29]"
Meester-Cornelis,15470,Valid,H5,24750.0,,-6.23333,106.88333,"[106, -6]"
Menow,15485,Valid,H4,10500.0,,53.18333,13.15,"[13, 53]"
Menziswyl,15486,Valid,L5,28.9,,46.81867,7.21817,"[7, 46]"
Mern,15489,Valid,L6,4000.0,,55.05,12.06667,"[12, 55]"
Meru,15491,Valid,LL6,6000.0,,0.0,37.66667,"[37, 0]"
Merua,15492,Valid,H5,71400.0,,25.48333,81.98333,"[81, 25]"
Messina,15495,Valid,L5,2405.0,,38.18333,15.56667,"[15, 38]"
Meuselbach,16626,Valid,L6,870.0,,50.58333,11.1,"[11, 50]"
Mezel,16627,Valid,L6,1300.0,,45.76667,3.25,"[3, 45]"
Mezö-Madaras,16628,Valid,L3.7,22700.0,,46.5,25.73333,"[25, 46]"
Mhow,16629,Valid,L6,350.0,,25.9,83.61667,"[83, 25]"
Mianchi,16631,Valid,H5,1100.0,,34.8,111.7,"[111, 34]"
Middlesbrough,16632,Valid,L6,1600.0,,54.56667,-1.16667,"[-1, 54]"
Mifflin,52090,Valid,L5,3584.0,,42.9075,-90.36556,"[-90, 42]"
Mighei,16634,Valid,CM2,8000.0,,48.06667,30.96667,"[30, 48]"
Mihonoseki,16635,Valid,L6,6380.0,,35.56833,133.22,"[133, 35]"
Mike,16636,Valid,L6,224.2,,46.23333,17.53333,"[17, 46]"
Milena,16640,Valid,L6,10000.0,,46.18333,16.1,"[16, 46]"
Millbillillie,16643,Valid,Eucrite-mmict,330000.0,,-26.45,120.36667,"[120, -26]"
Miller (Arkansas),16645,Valid,H5,16700.0,,35.4,-92.05,"[-92, 35]"
Minamino,16692,Valid,L,1040.0,,35.07833,136.93333,"[136, 35]"
Mineo,16696,Valid,Pallasite,42.0,,37.28333,14.7,"[14, 37]"
Min-Fan-Zhun,16697,Valid,LL6,5500.0,,32.33333,120.66667,"[120, 32]"
Minnichhof,16700,Valid,OC,550.0,,47.7,16.6,"[16, 47]"
Mirzapur,16701,Valid,L5,8510.0,,25.68333,83.25,"[83, 25]"
Misshof,16703,Valid,H5,5800.0,,56.66667,23.0,"[23, 56]"
Mjelleim,16707,Valid,H,100.7,,61.73333,5.93333,"[5, 61]"
Mocs,16709,Valid,L5-6,300000.0,,46.8,24.03333,"[24, 46]"
Modoc (1905),16711,Valid,L6,35000.0,,38.5,-101.1,"[-101, 38]"
Mokoia,16713,Valid,CV3,4500.0,,-39.63333,174.4,"[174, -39]"
Molina,16715,Valid,H5,144000.0,,38.11667,-1.16667,"[-1, 38]"
Molteno,16717,Valid,Howardite,150.0,,-31.25,26.46667,"[26, -31]"
Monahans (1998),16719,Valid,H5,2587.0,,31.60833,-102.85833,"[-102, 31]"
Monroe,16720,Valid,H4,8600.0,,35.25,-80.5,"[-80, 35]"
Monte das Fortes,16725,Valid,L5,4885.0,,38.01667,-8.25,"[-8, 38]"
Monte Milone,16726,Valid,L5,3130.0,,43.26667,13.35,"[13, 43]"
Montferré,16727,Valid,H5,149000.0,,43.39056,1.9625,"[1, 43]"
Montlivault,16729,Valid,L6,500.0,,47.63333,1.58333,"[1, 47]"
Monze,16733,Valid,L6,,,-15.96667,27.35,"[27, -15]"
Moore County,16736,Valid,Eucrite-cm,1880.0,,35.41667,-79.38333,"[-79, 35]"
Mooresfort,16737,Valid,H5,3520.0,,52.45,-8.33333,"[-8, 52]"
Moorleah,16738,Valid,L6,8887.5,,-40.975,145.6,"[145, -40]"
Moradabad,16740,Valid,L6,70.0,,28.78333,78.83333,"[78, 28]"
Morávka,16742,Valid,H5,633.0,,49.6,18.53333,"[18, 49]"
Mornans,16747,Valid,H5,1300.0,,44.6,5.13333,"[5, 44]"
Moss,36592,Valid,CO3.6,3763.0,,59.43333,10.7,"[10, 59]"
Moti-ka-nagla,16759,Valid,H6,1500.0,,26.83333,77.33333,"[77, 26]"
Motta di Conti,16762,Valid,H4,9150.0,,45.2,8.5,"[8, 45]"
Mount Browne,16766,Valid,H6,11300.0,,-29.8,141.7,"[141, -29]"
Mount Tazerzait,16804,Valid,L5,110000.0,,18.7,4.8,"[4, 18]"
Mount Vaisi,16805,Valid,Stone-uncl,17000.0,,44.08333,6.86667,"[6, 44]"
Mtola,16820,Valid,Stone-uncl,1100.0,,-11.5,33.5,"[33, -11]"
Muddoor,16841,Valid,L5,4400.0,,12.63333,77.01667,"[77, 12]"
Mulletiwu,16851,Valid,L,25.5,,9.33333,80.83333,"[80, 9]"
Muraid,16874,Valid,L6,4703.0,,24.5,90.21667,"[90, 24]"
Murchison,16875,Valid,CM2,100000.0,,-36.61667,145.2,"[145, -36]"
Murray,16882,Valid,CM2,12600.0,,36.6,-88.1,"[-88, 36]"
Muzaffarpur,16885,Valid,"Iron, IAB-sHL",1245.0,,26.13333,85.53333,"[85, 26]"
Myhee Caunta,16887,Valid,OC,,,23.05,72.63333,"[72, 23]"
Nadiabondi,16889,Valid,H5,8165.0,,12.0,1.0,"[1, 12]"
Nagai,16890,Valid,L6,1810.0,,38.12167,140.06167,"[140, 38]"
Nagaria,16892,Valid,Eucrite-cm,20.0,,26.98333,78.21667,"[78, 26]"
Nagy-Borové,16893,Valid,L5,6100.0,,49.16667,19.5,"[19, 49]"
Nakhla,16898,Valid,Martian (nakhlite),10000.0,,31.31667,30.35,"[30, 31]"
Nakhon Pathom,16899,Valid,L6,23200.0,,13.73333,100.08333,"[100, 13]"
Nammianthal,16902,Valid,H5,4500.0,,12.28333,79.2,"[79, 12]"
Nan Yang Pao,16903,Valid,L6,52900.0,,35.66667,103.5,"[103, 35]"
Nanjemoy,16904,Valid,H6,7500.0,,38.41667,-77.16667,"[-77, 38]"
Nantong,16907,Valid,H6,529.0,,32.11667,121.8,"[121, 32]"
Naoki,16908,Valid,H6,17000.0,,19.25,77.0,"[77, 19]"
Naragh,16909,Valid,H6,2700.0,,33.75,51.5,"[51, 33]"
Narellan,16912,Valid,L6,367.5,,-34.05,150.68889,"[150, -34]"
Narni,16914,Valid,Stone-uncl,,,42.51667,12.51667,"[12, 42]"
Nassirah,16922,Valid,H4,347.0,,-21.73333,165.9,"[165, -21]"
Natal,16923,Valid,Stone-uncl,1.4,,,,
Nawapali,16927,Valid,CM2,105.0,,21.25,83.66667,"[83, 21]"
Neagari,16934,Valid,L6,420.0,,36.44917,136.46528,"[136, 36]"
Nedagolla,16935,Valid,"Iron, ungrouped",4500.0,,18.68333,83.48333,"[83, 18]"
Nejo,16941,Valid,L6,2450.0,,9.5,35.33333,"[35, 9]"
Nerft,16945,Valid,L6,10250.0,,56.5,21.5,"[21, 56]"
Neuschwanstein,16950,Valid,EL6,6189.0,,47.525,10.80833,"[10, 47]"
New Concord,16953,Valid,L6,230000.0,,40.0,-81.76667,"[-81, 40]"
New Halfa,16954,Valid,L4,12000.0,,15.36667,35.68333,"[35, 15]"
New Orleans,16960,Valid,H5,19256.0,,29.94718,-90.10976,"[-90, 29]"
Ngawi,16966,Valid,LL3.6,1393.0,,-7.45,111.41667,"[111, -7]"
N'Goureyma,16968,Valid,"Iron, ungrouped",37500.0,,13.85,-4.38333,"[-4, 13]"
Nicorps,16970,Valid,Stone-uncl,,,49.03333,-1.43333,"[-1, 49]"
Niger (L6),16974,Valid,L6,3.3,,,,
Niger (LL6),16975,Valid,LL6,3.3,,,,
Nikolaevka,16976,Valid,H4,3996.0,,52.45,78.63333,"[78, 52]"
Nikolskoe,16977,Valid,L4,6000.0,,56.11667,37.33333,"[37, 56]"
Ningbo,16980,Valid,"Iron, IVA",14250.0,,29.86667,121.48333,"[121, 29]"
Ningqiang,16981,Valid,C3-ung,4610.0,,32.925,105.90667,"[105, 32]"
Nio,16982,Valid,H3-4,467.0,,34.2,131.56667,"[131, 34]"
N'Kandhla,16983,Valid,"Iron, IID",17200.0,,-28.56667,30.7,"[30, -28]"
Nobleborough,16984,Valid,Eucrite-pmict,2300.0,,44.08333,-69.48333,"[-69, 44]"
Noblesville,16985,Valid,H4-6,483.7,,40.08528,-86.055,"[-86, 40]"
Nogata,16988,Valid,L6,472.0,,33.725,130.75,"[130, 33]"
Nogoya,16989,Valid,CM2,4000.0,,-32.36667,-59.83333,"[-59, -32]"
Norfork,16994,Valid,"Iron, IIIAB",1050.0,,36.21667,-92.26667,"[-92, 36]"
Norton County,17922,Valid,Aubrite,1100000.0,,39.68333,-99.86667,"[-99, 39]"
Noventa Vicentina,17930,Valid,H4,177.0,,45.29167,11.52722,"[11, 45]"
Novo-Urei,17933,Valid,Ureilite,1900.0,,54.81667,46.0,"[46, 54]"
Novy-Ergi,17934,Valid,Stone-uncl,,,58.55,31.33333,"[31, 58]"
Novy-Projekt,17935,Valid,OC,1001.0,,56.0,22.0,"[22, 56]"
Noyan-Bogdo,17936,Valid,L6,250.0,,42.91667,102.46667,"[102, 42]"
Nuevo Mercurio,17938,Valid,H5,50000.0,,24.3,-102.13333,"[-102, 24]"
Nulles,17959,Valid,H6,5000.0,,41.63333,0.75,"[0, 41]"
Numakai,17960,Valid,H4,363.0,,43.33333,141.86667,"[141, 43]"
Nyaung,17969,Valid,"Iron, IIIAB",737.6,,21.20833,94.91667,"[94, 21]"
Nyirábrany,17970,Valid,LL5,1100.0,,47.55,22.025,"[22, 47]"
Ochansk,17979,Valid,H4,500000.0,,57.78333,55.26667,"[55, 57]"
Oesede,17988,Valid,H5,1400.0,,52.28333,8.05,"[8, 52]"
Oesel,17989,Valid,L6,6000.0,,58.5,23.0,"[23, 58]"
Ofehértó,17990,Valid,L6,3750.0,,47.88333,22.03333,"[22, 47]"
Ogi,17994,Valid,H6,14360.0,,33.28333,130.2,"[130, 33]"
Ohaba,17995,Valid,H5,16250.0,,46.06667,23.58333,"[23, 46]"
Ohuma,17996,Valid,L5,7700.0,,6.75,8.5,"[8, 6]"
Ojuelos Altos,17997,Valid,L6,5850.0,,38.18333,-5.4,"[-5, 38]"
Okabe,17998,Valid,H5,194.0,,36.18333,139.21667,"[139, 36]"
Okano,18000,Valid,"Iron, IIAB",4742.0,,35.08333,135.2,"[135, 35]"
Okniny,18002,Valid,LL6,12000.0,,50.83333,25.5,"[25, 50]"
Oldenburg (1930),18009,Valid,L6,16570.0,,52.95,8.16667,"[8, 52]"
Oliva-Gandia,18012,Valid,Stone-uncl,,,39.0,-0.03333,"[0, 39]"
Olivenza,18013,Valid,LL5,150000.0,,38.71667,-7.06667,"[-7, 38]"
Olmedilla de Alarcón,18015,Valid,H5,40000.0,,39.56667,-2.1,"[-2, 39]"
Omolon,18019,Valid,"Pallasite, PMG",250000.0,,64.02,161.80833,"[161, 64]"
Orgueil,18026,Valid,CI1,14000.0,,43.88333,1.38333,"[1, 43]"
Orlando,34489,Valid,Eucrite,180.0,,28.5475,-81.36222,"[-81, 28]"
Ornans,18030,Valid,CO3.4,6000.0,,47.11667,6.15,"[6, 47]"
Ortenau,18033,Valid,Stone-uncl,4500.0,,48.5,8.0,"[8, 48]"
Orvinio,18034,Valid,H6,3400.0,,42.13333,12.93333,"[12, 42]"
Oterøy,18042,Valid,L6,246.0,,58.88333,9.4,"[9, 58]"
Otomi,18045,Valid,H,6510.0,,38.4,140.35,"[140, 38]"
Ottawa,18046,Valid,LL6,840.0,,38.6,-95.21667,"[-95, 38]"
Ouadangou,56729,Valid,L5,4440.0,,12.9,0.08,"[0, 12]"
Oued el Hadjar,18050,Valid,LL6,1215.5,,30.18,-6.57717,"[-6, 30]"
Oum Dreyga,31282,Valid,H3-5,17000.0,,24.3,-13.1,"[-13, 24]"
Ourique,18052,Valid,H4,20000.0,,37.60833,-8.28,"[-8, 37]"
Ovambo,18055,Valid,L6,121.5,,-18.0,16.0,"[16, -18]"
Oviedo,18058,Valid,H5,205.0,,43.4,-5.86667,"[-5, 43]"
Owrucz,18062,Valid,OC,,,51.33333,28.83333,"[28, 51]"
Pacula,18068,Valid,L6,3400.0,,21.05,-99.3,"[-99, 21]"
Padvarninkai,18069,Valid,Eucrite-mmict,3858.0,,55.66667,25.0,"[25, 55]"
Paitan,18072,Valid,H6,515.0,,17.74333,120.45583,"[120, 17]"
Palahatchie,18073,Valid,OC,,,32.31667,-89.71667,"[-89, 32]"
Palca de Aparzo,18074,Valid,L5,1430.0,,-23.11667,-65.1,"[-65, -23]"
Palinshih,18077,Valid,Iron,18000.0,,43.48333,118.61667,"[118, 43]"
Palmyra,18079,Valid,L3,135.0,,39.8,-91.5,"[-91, 39]"
Palolo Valley,18082,Valid,H5,682.0,,21.3,-157.78333,"[-157, 21]"
Dominion Range 03239,32591,Valid,L6,69.5,,,,
Pampanga,18093,Valid,L5,10500.0,,15.08333,120.7,"[120, 15]"
Pantar,18098,Valid,H5,2130.0,,8.06667,124.28333,"[124, 8]"
Paragould,18101,Valid,LL5,408000.0,,36.06667,-90.5,"[-90, 36]"
Parambu,18102,Valid,LL5,2000.0,,-6.23333,-40.7,"[-40, -6]"
Paranaiba,18103,Valid,L6,100000.0,,-19.13333,-51.66667,"[-51, -19]"
Park Forest,18106,Valid,L5,18000.0,,41.48472,-87.67917,"[-87, 41]"
Parnallee,18108,Valid,LL3.6,77600.0,,9.23333,78.35,"[78, 9]"
Parsa,18109,Valid,EH3,800.0,,26.2,85.4,"[85, 26]"
Pasamonte,18110,Valid,Eucrite-pmict,5100.0,,36.21667,-103.4,"[-103, 36]"
Patora,18112,Valid,H6,4375.0,,20.93694,82.05,"[82, 20]"
Patrimonio,18116,Valid,L6,2121.0,,-19.53333,-48.56667,"[-48, -19]"
Patti,18118,Valid,Iron,12.0,,38.13333,14.96667,"[14, 38]"
Patwar,18171,Valid,Mesosiderite-A1,37350.0,,23.15,91.18333,"[91, 23]"
Pavel,18173,Valid,H5,2968.0,,43.46667,25.51667,"[25, 43]"
Pavlodar (stone),18175,Valid,H5,142.5,,52.3,77.03333,"[77, 52]"
Pavlograd,18176,Valid,L6,40000.0,,48.53333,35.98333,"[35, 48]"
Pavlovka,18177,Valid,Howardite,2000.0,,52.03333,43.0,"[43, 52]"
Pê,18179,Valid,L6,,,11.33367,-3.54217,"[-3, 11]"
Peace River,18180,Valid,L6,45760.0,,56.13333,-117.93333,"[-117, 56]"
Peckelsheim,18181,Valid,Diogenite-pm,117.8,,51.66667,9.25,"[9, 51]"
Peekskill,18782,Valid,H6,12570.0,,41.28333,-73.91667,"[-73, 41]"
Peña Blanca Spring,18786,Valid,Aubrite,70000.0,,30.125,-103.11667,"[-103, 30]"
Peramiho,18792,Valid,Eucrite-mmict,165.0,,-10.66667,35.5,"[35, -10]"
Perpeti,18793,Valid,L6,23474.0,,23.325,91.0,"[91, 23]"
Perth,18797,Valid,LL5,2.0,,56.4,-3.43333,"[-3, 56]"
Pervomaisky,18798,Valid,L6,66000.0,,56.63333,39.43333,"[39, 56]"
Pesyanoe,18799,Valid,Aubrite,3393.0,,55.5,66.08333,"[66, 55]"
Pétèlkolé,18800,Valid,H5,189.0,,14.052,0.42,"[0, 14]"
Petersburg,18801,Valid,Eucrite-pmict,1800.0,,35.3,-86.63333,"[-86, 35]"
Pettiswood,18804,Valid,Stone-uncl,,,53.53333,-7.33333,"[-7, 53]"
Phillips County (stone),18808,Valid,L6,57900.0,,40.0,-99.25,"[-99, 40]"
Phu Hong,18809,Valid,H4,500.0,,11.25,108.58333,"[108, 11]"
Phum Sambo,18811,Valid,H4,7800.0,,12.0,105.48333,"[105, 12]"
Phuoc-Binh,18812,Valid,L5,11000.0,,15.71667,108.1,"[108, 15]"
Piancaldoli,18813,Valid,LL3.4,13.1,,44.24417,11.50222,"[11, 44]"
Picote,18816,Valid,Stone-uncl,,,41.36667,-6.23333,"[-6, 41]"
Pillistfer,18822,Valid,EL6,23250.0,,58.66667,25.73333,"[25, 58]"
Piplia Kalan,18831,Valid,Eucrite-mmict,42000.0,,26.03472,73.94167,"[73, 26]"
Piquetberg,18832,Valid,H,37.0,,-32.86667,18.71667,"[18, -32]"
Pirgunje,18834,Valid,L6,842.0,,25.8,88.45,"[88, 25]"
Pirthalla,18835,Valid,H6,1161.0,,29.58333,76.0,"[76, 29]"
Pitts,18837,Valid,"Iron, IAB-ung",3760.0,,31.95,-83.51667,"[-83, 31]"
Plantersville,18846,Valid,H6,2085.0,,30.7,-96.11667,"[-96, 30]"
Pleşcoi,51706,Valid,L5-6,6913.0,,45.275,26.70972,"[26, 45]"
Ploschkovitz,18849,Valid,L5,39.0,,50.53333,14.11667,"[14, 50]"
Pnompehn,18851,Valid,L6,96.0,,11.58333,104.91667,"[104, 11]"
Dominion Range 03240,32592,Valid,LL5,290.9,,,,
Pohlitz,18853,Valid,L5,3000.0,,50.93333,12.13333,"[12, 50]"
Pokhra,18858,Valid,H5,350.0,,26.71667,82.66667,"[82, 26]"
Pollen,18860,Valid,CM2,253.6,,66.34833,14.015,"[14, 66]"
Pontlyfni,18865,Valid,Winonaite,157.0,,53.03639,-4.31944,"[-4, 53]"
Portales Valley,18874,Valid,H6,71400.0,,34.175,-103.295,"[-103, 34]"
Portugal,18876,Valid,Stone-uncl,4500.0,,38.5,-8.0,"[-8, 38]"
Po-wang Chen,18879,Valid,LL,665.0,,31.41667,118.5,"[118, 31]"
Prambachkirchen,18883,Valid,L6,2125.0,,48.3025,13.94083,"[13, 48]"
Pribram,18887,Valid,H5,5555.0,,49.66667,14.03333,"[14, 49]"
Pricetown,18888,Valid,L6,900.0,,39.11667,-83.85,"[-83, 39]"
Puerto Lápice,45984,Valid,Eucrite-br,500.0,,39.35,-3.51667,"[-3, 39]"
Pulsora,18899,Valid,H5,560.0,,23.36667,75.18333,"[75, 23]"
Pultusk,18901,Valid,H5,250000.0,,52.76667,21.26667,"[21, 52]"
Punganaru,18902,Valid,Stone-uncl,100.0,,13.33333,78.95,"[78, 13]"
Putinga,18905,Valid,L6,300000.0,,-29.03333,-53.05,"[-53, -29]"
Qidong,18907,Valid,L/LL5,1275.0,,32.08333,121.5,"[121, 32]"
Qingzhen,18908,Valid,EH3,2600.0,,26.53333,106.46667,"[106, 26]"
Queen's Mercy,22357,Valid,H6,7000.0,,-30.11667,28.7,"[28, -30]"
Quenggouk,22358,Valid,H4,6045.0,,17.76667,95.18333,"[95, 17]"
Quesa,22360,Valid,"Iron, IAB-ung",10750.0,,39.0,-0.66667,"[0, 39]"
Quija,22361,Valid,H,17450.0,,44.61667,126.13333,"[126, 44]"
Quincay,22363,Valid,L6,65.0,,46.6,0.25,"[0, 46]"
Raco,22368,Valid,H5,5000.0,,-26.66667,-65.45,"[-65, -26]"
Raghunathpura,22371,Valid,"Iron, IIAB",10200.0,,27.72528,76.465,"[76, 27]"
Rahimyar Khan,31302,Valid,L5,67225.0,,28.225,70.2,"[70, 28]"
Rakovka,22376,Valid,L6,9000.0,,52.98333,37.03333,"[37, 52]"
Ramnagar,22384,Valid,L6,3766.0,,26.45,82.9,"[82, 26]"
Rampurhat,22385,Valid,LL,100.0,,24.16667,87.76667,"[87, 24]"
Ramsdorf,22386,Valid,L6,4682.0,,51.88333,6.93333,"[6, 51]"
Ranchapur,22387,Valid,H4,290.4,,23.98333,87.08333,"[87, 23]"
Rancho de la Presa,22390,Valid,H5,300.0,,19.86667,-100.81667,"[-100, 19]"
Rangala,22392,Valid,L6,3224.5,,25.38333,72.01667,"[72, 25]"
Raoyang,22394,Valid,L6,4910.0,,38.2,115.7,"[115, 38]"
Ras Tanura,22395,Valid,H6,6.1,,26.66667,50.15,"[50, 26]"
Rasgrad,22396,Valid,Stone-uncl,24700.0,,43.5,26.53333,"[26, 43]"
Ratyn,22398,Valid,Stone-uncl,910.0,,52.2,17.98333,"[17, 52]"
Red Canyon Lake,53502,Valid,H5,18.41,,38.13742,-119.75812,"[-119, 38]"
Reliegos,22584,Valid,L5,17300.0,,42.475,-5.33333,"[-5, 42]"
Rembang,22585,Valid,"Iron, IVA",10000.0,,-6.73333,111.36667,"[111, -6]"
Renazzo,22586,Valid,CR2,1000.0,,44.76667,11.28333,"[11, 44]"
Renca,22587,Valid,L5,300.0,,-32.75,-65.28333,"[-65, -32]"
Renqiu,22589,Valid,L6,355.0,,38.66667,116.13333,"[116, 38]"
Repeev Khutor,22590,Valid,"Iron, IIF",7000.0,,48.6,45.66667,"[45, 48]"
Revelstoke,22592,Valid,CI1,1.0,,51.33333,-118.95,"[-118, 51]"
Rewari,22593,Valid,L6,3332.0,,28.2,76.66667,"[76, 28]"
Rich Mountain,22597,Valid,L6,668.0,,35.03333,-83.03333,"[-83, 35]"
Uzcudun,24140,Valid,L,20000.0,,-44.11667,-66.15,"[-66, -44]"
Richardton,22599,Valid,H5,90000.0,,46.88333,-102.31667,"[-102, 46]"
Richland Springs,22602,Valid,OC,1900.0,,31.25,-99.03333,"[-99, 31]"
Richmond,22603,Valid,LL5,1800.0,,37.46667,-77.5,"[-77, 37]"
Rio Negro,22611,Valid,L4,1310.0,,-26.1,-49.8,"[-49, -26]"
Rivolta de Bassi,22614,Valid,Stone-uncl,103.3,,45.48333,9.51667,"[9, 45]"
Rochester,22637,Valid,H6,340.0,,41.08333,-86.28333,"[-86, 41]"
Rockhampton,22640,Valid,Stone-uncl,1641.0,,-23.38333,150.51667,"[150, -23]"
Roda,22641,Valid,Diogenite,400.0,,42.3,0.55,"[0, 42]"
Rodach,22642,Valid,Stone-uncl,2900.0,,50.35,10.8,"[10, 50]"
Rose City,22766,Valid,H5,10600.0,,44.51667,-83.95,"[-83, 44]"
Rowton,22773,Valid,"Iron, IIIAB",3500.0,,52.76667,-2.51667,"[-2, 52]"
Ruhobobo,22780,Valid,L6,465.5,,-1.45,29.83333,"[29, -1]"
Rumuruti,22782,Valid,R3.8-6,67.0,,0.26667,36.53333,"[36, 0]"
Rupota,22783,Valid,L4-6,6000.0,,-10.26667,38.76667,"[38, -10]"
Ryechki,22791,Valid,L5,13000.0,,51.13333,34.5,"[34, 51]"
Sabetmahet,22792,Valid,H5,1250.0,,27.43333,82.08333,"[82, 27]"
Sabrum,22793,Valid,LL6,478.0,,23.08333,91.66667,"[91, 23]"
Sagan,22796,Valid,Stone-uncl,,,51.53333,14.88333,"[14, 51]"
Saint-Sauveur,23101,Valid,EH5,14000.0,,43.73333,1.38333,"[1, 43]"
Saint-Séverin,23102,Valid,LL6,271000.0,,45.3,0.23333,"[0, 45]"
Sakauchi,23103,Valid,Iron,4180.0,,35.66667,136.3,"[136, 35]"
Salem,23107,Valid,L6,61.4,,44.97917,-122.96944,"[-122, 44]"
Salles,23111,Valid,L5,9000.0,,46.05,4.63333,"[4, 46]"
Salzwedel,23114,Valid,LL5,43.0,,52.75,11.05,"[11, 52]"
Samelia,23115,Valid,"Iron, IIIAB",2462.0,,25.66667,74.86667,"[74, 25]"
San Juan Capistrano,23128,Valid,H6,56.0,,33.48472,-117.6625,"[-117, 33]"
San Michele,31315,Valid,L6,237.0,,43.66667,13.0,"[13, 43]"
San Pedro de Quiles,23130,Valid,L6,282.0,,-31.01667,-71.4,"[-71, -31]"
San Pedro Jacuaro,34063,Valid,LL6,460.0,,19.76667,-100.65,"[-100, 19]"
Santa Barbara,23161,Valid,L4,400.0,,-29.2,-51.86667,"[-51, -29]"
Santa Cruz,23164,Valid,CM2,60.0,,24.16667,-99.33333,"[-99, 24]"
Santa Isabel,23165,Valid,L6,5500.0,,-33.9,-61.7,"[-61, -33]"
Santa Lucia (2008),50909,Valid,L6,4000.0,,-31.535556,-68.489444,"[-68, -31]"
São Jose do Rio Preto,23171,Valid,H4,927.0,,-20.81,-49.38056,"[-49, -20]"
Saratov,23176,Valid,L4,200000.0,,52.55,46.55,"[46, 52]"
Sasagase,23187,Valid,H,695.0,,34.71667,137.78333,"[137, 34]"
Sauguis,23188,Valid,L6,4000.0,,43.15,-0.85,"[0, 43]"
Savtschenskoje,23190,Valid,LL4,2500.0,,47.21667,29.86667,"[29, 47]"
Sayama,23192,Valid,CM2,430.0,,35.86667,139.4,"[139, 35]"
Sazovice,23455,Valid,L5,412.0,,49.23333,17.56667,"[17, 49]"
Schellin,23457,Valid,L,7000.0,,53.35,15.05,"[15, 53]"
Schenectady,23458,Valid,H5,283.3,,42.86083,-73.95028,"[-73, 42]"
Schönenberg,23460,Valid,L6,8000.0,,48.11667,10.46667,"[10, 48]"
Searsmont,23472,Valid,H5,5400.0,,44.36667,-69.2,"[-69, 44]"
Sediköy,23473,Valid,L6,240.0,,38.3,27.13333,"[27, 38]"
Segowlie,23476,Valid,LL6,6930.0,,26.75,84.78333,"[84, 26]"
Selakopi,23481,Valid,H5,1590.0,,-7.23333,107.33333,"[107, -7]"
Seldebourak,23483,Valid,H5,150.0,,22.83333,4.98333,"[4, 22]"
Semarkona,23487,Valid,LL3.00,691.0,,22.25,79.0,"[79, 22]"
Sena,23495,Valid,H4,4000.0,,41.71667,-0.05,"[0, 41]"
Senboku,23496,Valid,H6,866.0,,39.43833,140.51167,"[140, 39]"
Seoni,23500,Valid,H6,20000.0,,21.68389,79.50083,"[79, 21]"
Seres,23501,Valid,H4,8500.0,,41.05,23.56667,"[23, 41]"
Serra de Magé,23502,Valid,Eucrite-cm,1800.0,,-8.38333,-36.76667,"[-36, -8]"
Sete Lagoas,23504,Valid,H4,350.0,,-19.46667,-44.21667,"[-44, -19]"
Sevilla,23508,Valid,LL4,180.0,,37.41667,-6.0,"[-6, 37]"
Sevrukovo,23509,Valid,L5,101000.0,,50.61667,36.6,"[36, 50]"
Sfax,23512,Valid,L6,7000.0,,34.75,10.71667,"[10, 34]"
Shalka,23521,Valid,Diogenite,4000.0,,23.1,87.3,"[87, 23]"
Sharps,23525,Valid,H3.4,1265.0,,37.83333,-76.7,"[-76, 37]"
Shelburne,23529,Valid,L5,18600.0,,44.05,-80.16667,"[-80, 44]"
Shergotty,23530,Valid,Martian (shergottite),5000.0,,24.55,84.83333,"[84, 24]"
Sheyang,23531,Valid,L6,605.0,,33.65,120.06667,"[120, 33]"
Shikarpur,23534,Valid,L6,3679.7,,25.85,87.5775,"[87, 25]"
Shuangyang,23582,Valid,H5,3900.0,,43.5,125.66667,"[125, 43]"
Shupiyan,23583,Valid,H6,5000.0,,33.71667,74.83333,"[74, 33]"
Shytal,23584,Valid,L6,3200.0,,24.33333,90.16667,"[90, 24]"
Siena,23586,Valid,LL5,3700.0,,43.11667,11.6,"[11, 43]"
Sikhote-Alin,23593,Valid,"Iron, IIAB",23000000.0,,46.16,134.65333,"[134, 46]"
Silao,23594,Valid,H5,1710.0,,20.93333,-101.38333,"[-101, 20]"
Silistra,55584,Valid,Achondrite-ung,0.15,,44.11667,27.26667,"[27, 44]"
Simmern,23603,Valid,H5,1222.0,,49.98333,7.53333,"[7, 49]"
Sinai,23606,Valid,L6,1455.0,,30.9,32.48333,"[32, 30]"
Sindhri,23611,Valid,H5,8400.0,,26.21667,69.55,"[69, 26]"
Sinnai,23613,Valid,H6,2000.0,,39.3,9.2,"[9, 39]"
Sioux County,23614,Valid,Eucrite-mmict,4100.0,,42.58333,-103.66667,"[-103, 42]"
Sitathali,23616,Valid,H5,1600.0,,20.91667,82.58333,"[82, 20]"
Sivas,23617,Valid,H6,40000.0,,39.82467,36.13583,"[36, 39]"
Sixiangkou,23619,Valid,L5,630.0,,32.43333,119.86667,"[119, 32]"
Ski,23621,Valid,L6,850.0,,59.73333,10.86667,"[10, 59]"
Slavetic,23626,Valid,H5,1708.0,,45.68333,15.6,"[15, 45]"
Slobodka,23645,Valid,L4,2750.0,,55.0,35.0,"[35, 55]"
Soheria,23660,Valid,OC,72.9,,27.13333,84.06667,"[84, 27]"
Soko-Banja,23661,Valid,LL4,80000.0,,43.66667,21.86667,"[21, 43]"
Sologne,23663,Valid,H5,54.0,,47.36667,1.73333,"[1, 47]"
Sołtmany,53829,Valid,L6,1066.0,,54.00883,22.005,"[22, 54]"
Sone,23667,Valid,H5,17100.0,,35.16667,135.33333,"[135, 35]"
Songyuan,23668,Valid,L6,36900.0,,45.25,125.0,"[125, 45]"
Sopot,23670,Valid,OC,958.0,,44.41667,23.5,"[23, 44]"
Soroti,23671,Valid,"Iron, ungrouped",2050.0,,1.7,33.63333,"[33, 1]"
St. Caprais-de-Quinsac,23081,Valid,L6,360.0,,44.75,0.05,"[0, 44]"
St. Christophe-la-Chartreuse,23082,Valid,L6,5500.0,,46.95,-1.5,"[-1, 46]"
St. Denis Westrem,23083,Valid,L6,700.0,,51.05,3.75,"[3, 51]"
St. Germain-du-Pinel,23087,Valid,H6,4000.0,,48.01667,-1.15,"[-1, 48]"
St. Louis,23089,Valid,H4,1000.0,,38.7,-90.23333,"[-90, 38]"
St. Mark's,23090,Valid,EH5,13780.0,,-32.01667,27.41667,"[27, -32]"
St. Mary's County,23091,Valid,LL3.3,24.3,,38.16667,-76.38333,"[-76, 38]"
St. Mesmin,23092,Valid,LL6,8300.0,,48.45,3.93333,"[3, 48]"
St. Michel,23093,Valid,L6,17000.0,,61.65,27.2,"[27, 61]"
St.-Chinian,23097,Valid,L6,134.3,,43.43333,2.95,"[2, 43]"
Ställdalen,23712,Valid,H5,34000.0,,59.93333,14.95,"[14, 59]"
Stannern,23713,Valid,Eucrite-mmict,52000.0,,49.28333,15.56667,"[15, 49]"
Stavropol,23717,Valid,L6,1500.0,,45.05,41.98333,"[41, 45]"
Ste. Marguerite,23099,Valid,H4,4960.0,,50.76667,3.0,"[3, 50]"
Sterlitamak,23724,Valid,"Iron, IIIAB",325000.0,,53.66667,55.98333,"[55, 53]"
Stolzenau,23726,Valid,Stone-uncl,,,52.53333,9.05,"[9, 52]"
Stratford,23728,Valid,L6,50.0,,41.2,-73.13333,"[-73, 41]"
Strathmore,23729,Valid,L6,13400.0,,56.58333,-3.25,"[-3, 56]"
Stretchleigh,23732,Valid,Stone-uncl,10400.0,,50.38333,-3.95,"[-3, 50]"
St-Robert,23733,Valid,H5,25400.0,,45.96861,-72.97806,"[-72, 45]"
Success,23736,Valid,L6,3500.0,,36.48333,-90.66667,"[-90, 36]"
Suchy Dul,23737,Valid,L6,815.3,,50.53806,16.26333,"[16, 50]"
Suizhou,23738,Valid,L6,260000.0,,31.61667,113.46667,"[113, 31]"
Sulagiri,48951,Valid,LL6,110000.0,,12.66667,78.03333,"[78, 12]"
Sultanpur,23741,Valid,L/LL6,1710.5,,25.93333,84.28333,"[84, 25]"
Sungach,23745,Valid,H5,637.0,,44.86667,133.16667,"[133, 44]"
Supuhee,23760,Valid,H6,7235.0,,26.71667,84.21667,"[84, 26]"
Sutter's Mill,55529,Valid,C,992.5,,38.80389,-120.90806,"[-120, 38]"
Sylacauga,23773,Valid,H4,5560.0,,33.18836,-86.2945,"[-86, 33]"
Tabor,23776,Valid,H5,7540.0,,49.4,14.65,"[14, 49]"
Tadjera,23778,Valid,L5,9000.0,,36.18333,5.41667,"[5, 36]"
Tagish Lake,23782,Valid,C2-ung,10000.0,,59.70444,-134.20139,"[-134, 59]"
Tahara,23784,Valid,H4/5,1000.0,,34.72,137.305,"[137, 34]"
Takenouchi,23789,Valid,H5,720.0,,35.38333,134.9,"[134, 35]"
Talampaya,23791,Valid,Eucrite-cm,1421.0,,,,
Tambakwatu,23795,Valid,L6,10500.0,,-7.75,112.76667,"[112, -7]"
Tamdakht,48691,Valid,H5,100000.0,,31.16333,-7.015,"[-7, 31]"
Tané,23801,Valid,L5,905.0,,35.43333,136.23333,"[136, 35]"
Taonan,23873,Valid,L5,3850.0,,45.4,122.9,"[122, 45]"
Tatahouine,23884,Valid,Diogenite,12000.0,,32.95,10.41667,"[10, 32]"
Tathlith,23885,Valid,L6,2500.0,,19.38333,43.73333,"[43, 19]"
Tauk,23887,Valid,L6,6000.0,,35.13333,44.45,"[44, 35]"
Tauti,23888,Valid,L6,21000.0,,46.71667,23.5,"[23, 46]"
Tenham,23897,Valid,L6,160000.0,,-25.73333,142.95,"[142, -25]"
Tennasilm,23898,Valid,L4,28500.0,,58.03333,26.95,"[26, 58]"
Thal,23908,Valid,H6,342.0,,33.4,70.6,"[70, 33]"
Thika,54493,Valid,L6,14200.0,,-1.00278,37.15028,"[37, -1]"
Thuathe,23976,Valid,H4/5,45300.0,,-29.33333,27.58333,"[27, -29]"
Tianzhang,23984,Valid,H5,2232.0,,32.94667,118.99,"[118, 32]"
Tieschitz,23989,Valid,H/L3.6,28000.0,,49.6,17.11667,"[17, 49]"
Tilden,23998,Valid,L6,74800.0,,38.2,-89.68333,"[-89, 38]"
Tillaberi,23999,Valid,L6,3000.0,,14.25,1.53333,"[1, 14]"
Timochin,24004,Valid,H5,65500.0,,54.5,35.2,"[35, 54]"
Tirupati,24009,Valid,H6,230.0,,13.63333,79.41667,"[79, 13]"
Tissint,54823,Valid,Martian (shergottite),7000.0,,29.48195,-7.61123,"[-7, 29]"
Tjabe,24011,Valid,H6,20000.0,,-7.08333,111.53333,"[111, -7]"
Tjerebon,24012,Valid,L5,16500.0,,-6.66667,106.58333,"[106, -6]"
Tomakovka,24019,Valid,LL6,600.0,,47.85,34.76667,"[34, 47]"
